<?xml version="1.0" encoding="UTF-8"?>
<mxGraphModel dx="880" dy="426" grid="1" gridSize="10" guides="1" tooltips="1" connect="1" fold="1" page="1" pageScale="1" pageWidth="826" pageHeight="1169" style="default-style2" math="0"><root><mxCell id="0"/><mxCell id="1" parent="0"/><mxCell id="2" value="User" style="shape=umlActor;verticalLabelPosition=bottom;verticalAlign=top;html=1;" parent="1" vertex="1"><mxGeometry x="20" y="356" width="40" height="60" as="geometry"/></mxCell><mxCell id="3" value="" style="whiteSpace=wrap;html=1;" parent="1" vertex="1"><mxGeometry x="90" y="100" width="910" height="580" as="geometry"/></mxCell><mxCell id="6" value="Bezeichnung eingeben&lt;br&gt;" style="ellipse;whiteSpace=wrap;html=1;" parent="1" vertex="1"><mxGeometry x="200" y="140" width="150" height="80" as="geometry"/></mxCell><mxCell id="13" value="Standort auswählen&lt;br&gt;" style="ellipse;whiteSpace=wrap;html=1;" parent="1" vertex="1"><mxGeometry x="270" y="330" width="150" height="80" as="geometry"/></mxCell><mxCell id="14" value="Anzeige der Räume in dem Standort&lt;br&gt;" style="ellipse;whiteSpace=wrap;html=1;" parent="1" vertex="1"><mxGeometry x="530" y="276" width="160" height="80" as="geometry"/></mxCell><mxCell id="15" value="Typ der Hardwarekomponente auswählen&lt;br&gt;" style="ellipse;whiteSpace=wrap;html=1;" parent="1" vertex="1"><mxGeometry x="280" y="223" width="150" height="80" as="geometry"/></mxCell><mxCell id="17" style="edgeStyle=none;rounded=0;html=1;exitX=1;exitY=0.5;dashed=1;endArrow=classic;endFill=1;" parent="1" source="13" target="14" edge="1"><mxGeometry relative="1" as="geometry"/></mxCell><mxCell id="18" value="&amp;lt;&amp;lt; include &amp;gt;&amp;gt;&lt;br&gt;" style="text;html=1;align=center;fontStyle=1;verticalAlign=middle;spacingLeft=3;spacingRight=3;strokeColor=none;rotatable=0;points=[[0,0.5],[1,0.5]];" parent="1" vertex="1"><mxGeometry x="430" y="317" width="80" height="26" as="geometry"/></mxCell><mxCell id="20" value="Raum auswählen&lt;br&gt;" style="ellipse;whiteSpace=wrap;html=1;" parent="1" vertex="1"><mxGeometry x="295" y="430" width="150" height="70" as="geometry"/></mxCell><mxCell id="21" style="edgeStyle=none;rounded=0;html=1;exitX=0.75;exitY=0.1;exitPerimeter=0;entryX=0;entryY=0.5;endArrow=none;endFill=0;" parent="1" source="2" target="6" edge="1"><mxGeometry relative="1" as="geometry"/></mxCell><mxCell id="22" style="edgeStyle=none;rounded=0;html=1;exitX=1;exitY=0.3333333333333333;exitPerimeter=0;endArrow=none;endFill=0;" parent="1" source="2" target="15" edge="1"><mxGeometry relative="1" as="geometry"/></mxCell><mxCell id="23" style="edgeStyle=none;rounded=0;html=1;exitX=0.5;exitY=0.5;exitPerimeter=0;endArrow=none;endFill=0;" parent="1" source="2" target="13" edge="1"><mxGeometry relative="1" as="geometry"/></mxCell><mxCell id="24" style="edgeStyle=none;rounded=0;html=1;exitX=1;exitY=1;exitPerimeter=0;endArrow=none;endFill=0;" parent="1" source="2" target="20" edge="1"><mxGeometry relative="1" as="geometry"/></mxCell><mxCell id="25" value="Fertigstellung" style="ellipse;whiteSpace=wrap;html=1;" parent="1" vertex="1"><mxGeometry x="300" y="534" width="150" height="60" as="geometry"/></mxCell><mxCell id="26" value="Daten in csv Datei speichern&lt;br&gt;" style="ellipse;whiteSpace=wrap;html=1;" parent="1" vertex="1"><mxGeometry x="570" y="499" width="150" height="95" as="geometry"/></mxCell><mxCell id="27" style="edgeStyle=none;rounded=0;html=1;exitX=1;exitY=1;exitPerimeter=0;entryX=0;entryY=0.5;endArrow=none;endFill=0;" parent="1" source="2" target="25" edge="1"><mxGeometry relative="1" as="geometry"/></mxCell><mxCell id="28" style="edgeStyle=none;rounded=0;html=1;exitX=1;exitY=0.5;dashed=1;endArrow=classic;endFill=1;" parent="1" source="25" target="26" edge="1"><mxGeometry relative="1" as="geometry"/></mxCell><mxCell id="29" value="&amp;lt;&amp;lt; include &amp;gt;&amp;gt;&lt;br&gt;" style="text;html=1;align=center;fontStyle=1;verticalAlign=middle;spacingLeft=3;spacingRight=3;strokeColor=none;rotatable=0;points=[[0,0.5],[1,0.5]];" parent="1" vertex="1"><mxGeometry x="470" y="521" width="80" height="26" as="geometry"/></mxCell><mxCell id="30" value="Ausgabe: Erfolgreich gespeichert&lt;br&gt;" style="ellipse;whiteSpace=wrap;html=1;" parent="1" vertex="1"><mxGeometry x="810" y="494" width="140" height="80" as="geometry"/></mxCell><mxCell id="31" style="edgeStyle=none;rounded=0;html=1;exitX=1;exitY=0.5;endArrow=none;endFill=0;startArrow=classic;startFill=1;dashed=1;" parent="1" source="26" target="30" edge="1"><mxGeometry relative="1" as="geometry"/></mxCell><mxCell id="32" value="&lt;br&gt;condition:&lt;br&gt;erfolgreich gespeichert&lt;br&gt;" style="shape=note;whiteSpace=wrap;html=1;size=14;verticalAlign=top;align=left;spacingTop=-6;" parent="1" vertex="1"><mxGeometry x="690" y="395" width="150" height="70" as="geometry"/></mxCell><mxCell id="39" value="&lt;br&gt;" style="text;html=1;align=center;fontStyle=1;verticalAlign=middle;spacingLeft=3;spacingRight=3;strokeColor=none;rotatable=0;points=[[0,0.5],[1,0.5]];" parent="1" vertex="1"><mxGeometry x="720" y="468" width="80" height="26" as="geometry"/></mxCell><mxCell id="40" style="edgeStyle=none;rounded=0;html=1;entryX=0.736;entryY=0.759;entryPerimeter=0;dashed=1;startArrow=none;startFill=0;endArrow=none;endFill=0;exitX=0;exitY=0.5;" parent="1" source="39" target="3" edge="1"><mxGeometry relative="1" as="geometry"/></mxCell><mxCell id="41" value="&amp;lt;&amp;lt; extend&amp;gt;&amp;gt;&lt;br&gt;" style="text;html=1;align=center;fontStyle=1;verticalAlign=middle;spacingLeft=3;spacingRight=3;strokeColor=none;rotatable=0;points=[[0,0.5],[1,0.5]];" parent="1" vertex="1"><mxGeometry x="725" y="561" width="80" height="26" as="geometry"/></mxCell></root></mxGraphModel>